sample_id,kinect360_rgb,realsense_rgb,azure_rgb,kinect360_json,realsense_json,azure_json,max_joint_diff_rad,mean_joint_diff_rad,max_joint_diff_deg,mean_joint_diff_deg
0,panda-3cam_kinect360/000000.rgb.jpg,panda-3cam_realsense/000000.rgb.jpg,panda-3cam_azure/000000.rgb.jpg,panda-3cam_kinect360/000000.json,panda-3cam_realsense/000000.json,panda-3cam_azure/000000.json,0.004016745655256337,0.0005771452012969512,0.23014257342369848,0.033067984200543625
1,panda-3cam_kinect360/000001.rgb.jpg,panda-3cam_realsense/000001.rgb.jpg,panda-3cam_azure/000001.rgb.jpg,panda-3cam_kinect360/000001.json,panda-3cam_realsense/000001.json,panda-3cam_azure/000001.json,0.004018359937307592,0.0005764350608685434,0.23023506497217908,0.033027296151134256
2,panda-3cam_kinect360/000002.rgb.jpg,panda-3cam_realsense/000002.rgb.jpg,panda-3cam_azure/000002.rgb.jpg,panda-3cam_kinect360/000002.json,panda-3cam_realsense/000002.json,panda-3cam_azure/000002.json,0.004019695373287613,0.0005695183511109105,0.23031157981764422,0.03263099787390493
3,panda-3cam_kinect360/000003.rgb.jpg,panda-3cam_realsense/000003.rgb.jpg,panda-3cam_azure/000003.rgb.jpg,panda-3cam_kinect360/000003.json,panda-3cam_realsense/000003.json,panda-3cam_azure/000003.json,0.004012958148883583,0.0005763466732729791,0.22992556529366076,0.0330222319149471
4,panda-3cam_kinect360/000004.rgb.jpg,panda-3cam_realsense/000004.rgb.jpg,panda-3cam_azure/000004.rgb.jpg,panda-3cam_kinect360/000004.json,panda-3cam_realsense/000004.json,panda-3cam_azure/000004.json,0.004011810976538466,0.0005743059035365919,0.2298598371599114,0.03290530442209409
5,panda-3cam_kinect360/000005.rgb.jpg,panda-3cam_realsense/000005.rgb.jpg,panda-3cam_azure/000005.rgb.jpg,panda-3cam_kinect360/000005.json,panda-3cam_realsense/000005.json,panda-3cam_azure/000005.json,0.004021229873727883,0.0005718860487424842,0.23039950021653266,0.03276665695535722
6,panda-3cam_kinect360/000006.rgb.jpg,panda-3cam_realsense/000006.rgb.jpg,panda-3cam_azure/000006.rgb.jpg,panda-3cam_kinect360/000006.json,panda-3cam_realsense/000006.json,panda-3cam_azure/000006.json,0.004013683483094388,0.0005758282413249532,0.22996712388267634,0.032992527952360476
7,panda-3cam_kinect360/000007.rgb.jpg,panda-3cam_realsense/000007.rgb.jpg,panda-3cam_azure/000007.rgb.jpg,panda-3cam_kinect360/000007.json,panda-3cam_realsense/000007.json,panda-3cam_azure/000007.json,0.004018949719649334,0.0005753635421538992,0.23026885701119226,0.032965902651115854
8,panda-3cam_kinect360/000008.rgb.jpg,panda-3cam_realsense/000008.rgb.jpg,panda-3cam_azure/000008.rgb.jpg,panda-3cam_kinect360/000008.json,panda-3cam_realsense/000008.json,panda-3cam_azure/000008.json,0.004012108061044017,0.0005727013446551564,0.22987685884823825,0.03281336997020761
9,panda-3cam_kinect360/000009.rgb.jpg,panda-3cam_realsense/000009.rgb.jpg,panda-3cam_azure/000009.rgb.jpg,panda-3cam_kinect360/000009.json,panda-3cam_realsense/000009.json,panda-3cam_azure/000009.json,0.004017825653047313,0.0005757885247276271,0.23020445273900486,0.03299025235895707
10,panda-3cam_kinect360/000010.rgb.jpg,panda-3cam_realsense/000010.rgb.jpg,panda-3cam_azure/000010.rgb.jpg,panda-3cam_kinect360/000010.json,panda-3cam_realsense/000010.json,panda-3cam_azure/000010.json,0.004018261749854646,0.0005741090259398024,0.23022943924552414,0.03289402416671738
11,panda-3cam_kinect360/000011.rgb.jpg,panda-3cam_realsense/000011.rgb.jpg,panda-3cam_azure/000011.rgb.jpg,panda-3cam_kinect360/000011.json,panda-3cam_realsense/000011.json,panda-3cam_azure/000011.json,0.004022060835981889,0.0005755524087256449,0.23044711084662187,0.03297672390856799
12,panda-3cam_kinect360/000012.rgb.jpg,panda-3cam_realsense/000012.rgb.jpg,panda-3cam_azure/000012.rgb.jpg,panda-3cam_kinect360/000012.json,panda-3cam_realsense/000012.json,panda-3cam_azure/000012.json,0.004014638107775914,0.0005732044087398509,0.2300218198479468,0.03284219341908522
13,panda-3cam_kinect360/000013.rgb.jpg,panda-3cam_realsense/000013.rgb.jpg,panda-3cam_azure/000013.rgb.jpg,panda-3cam_kinect360/000013.json,panda-3cam_realsense/000013.json,panda-3cam_azure/000013.json,0.004018949452448961,0.0005743477323201445,0.2302688417017386,0.032907701034853826
14,panda-3cam_kinect360/000014.rgb.jpg,panda-3cam_realsense/000014.rgb.jpg,panda-3cam_azure/000014.rgb.jpg,panda-3cam_kinect360/000014.json,panda-3cam_realsense/000014.json,panda-3cam_azure/000014.json,0.004015116215707382,0.0005747044421118599,0.23004921341457163,0.03292813900043011
15,panda-3cam_kinect360/000015.rgb.jpg,panda-3cam_realsense/000015.rgb.jpg,panda-3cam_azure/000015.rgb.jpg,panda-3cam_kinect360/000015.json,panda-3cam_realsense/000015.json,panda-3cam_azure/000015.json,0.004012112544467983,0.0005737165595435447,0.22987711572950925,0.0328715374986111
16,panda-3cam_kinect360/000016.rgb.jpg,panda-3cam_realsense/000016.rgb.jpg,panda-3cam_azure/000016.rgb.jpg,panda-3cam_kinect360/000016.json,panda-3cam_realsense/000016.json,panda-3cam_azure/000016.json,0.0040124745329773726,0.0005736447628744502,0.2298978561433295,0.03286742385248889
17,panda-3cam_kinect360/000017.rgb.jpg,panda-3cam_realsense/000017.rgb.jpg,panda-3cam_azure/000017.rgb.jpg,panda-3cam_kinect360/000017.json,panda-3cam_realsense/000017.json,panda-3cam_azure/000017.json,0.004016719488534881,0.0005762131324957303,0.23014107418099536,0.03301458059201785
18,panda-3cam_kinect360/000018.rgb.jpg,panda-3cam_realsense/000018.rgb.jpg,panda-3cam_azure/000018.rgb.jpg,panda-3cam_kinect360/000018.json,panda-3cam_realsense/000018.json,panda-3cam_azure/000018.json,0.004020025346411216,0.0005746533257789525,0.2303304858849794,0.03292521025029033
19,panda-3cam_kinect360/000019.rgb.jpg,panda-3cam_realsense/000019.rgb.jpg,panda-3cam_azure/000019.rgb.jpg,panda-3cam_kinect360/000019.json,panda-3cam_realsense/000019.json,panda-3cam_azure/000019.json,0.004016874065679854,0.0005746087473988636,0.23014993079901147,0.03292265609725371
20,panda-3cam_kinect360/000020.rgb.jpg,panda-3cam_realsense/000020.rgb.jpg,panda-3cam_azure/000020.rgb.jpg,panda-3cam_kinect360/000020.json,panda-3cam_realsense/000020.json,panda-3cam_azure/000020.json,0.004017900909545347,0.0005756307568897588,0.2302087646187231,0.03298121292770431
21,panda-3cam_kinect360/000021.rgb.jpg,panda-3cam_realsense/000021.rgb.jpg,panda-3cam_azure/000021.rgb.jpg,panda-3cam_kinect360/000021.json,panda-3cam_realsense/000021.json,panda-3cam_azure/000021.json,0.004019224200580873,0.0005721371664074768,0.23028458361012627,0.03278104493772248
22,panda-3cam_kinect360/000022.rgb.jpg,panda-3cam_realsense/000022.rgb.jpg,panda-3cam_azure/000022.rgb.jpg,panda-3cam_kinect360/000022.json,panda-3cam_realsense/000022.json,panda-3cam_azure/000022.json,0.004016928261698638,0.0005747913456463327,0.2301530360021542,0.03293311820618017
23,panda-3cam_kinect360/000023.rgb.jpg,panda-3cam_realsense/000023.rgb.jpg,panda-3cam_azure/000023.rgb.jpg,panda-3cam_kinect360/000023.json,panda-3cam_realsense/000023.json,panda-3cam_azure/000023.json,0.004016217619518203,0.0005733875406149195,0.2301123192044713,0.032852686102620966
24,panda-3cam_kinect360/000024.rgb.jpg,panda-3cam_realsense/000024.rgb.jpg,panda-3cam_azure/000024.rgb.jpg,panda-3cam_kinect360/000024.json,panda-3cam_realsense/000024.json,panda-3cam_azure/000024.json,0.004019312784916518,0.0005736276412461456,0.23028965911868968,0.032866442855448645
25,panda-3cam_kinect360/000025.rgb.jpg,panda-3cam_realsense/000025.rgb.jpg,panda-3cam_azure/000025.rgb.jpg,panda-3cam_kinect360/000025.json,panda-3cam_realsense/000025.json,panda-3cam_azure/000025.json,0.004016490790560212,0.0005740026669812515,0.23012797075226363,0.032887930247279006
26,panda-3cam_kinect360/000026.rgb.jpg,panda-3cam_realsense/000026.rgb.jpg,panda-3cam_azure/000026.rgb.jpg,panda-3cam_kinect360/000026.json,panda-3cam_realsense/000026.json,panda-3cam_azure/000026.json,0.004017090196479223,0.0005752256209220673,0.2301623141816381,0.03295800034662664
27,panda-3cam_kinect360/000027.rgb.jpg,panda-3cam_realsense/000027.rgb.jpg,panda-3cam_azure/000027.rgb.jpg,panda-3cam_kinect360/000027.json,panda-3cam_realsense/000027.json,panda-3cam_azure/000027.json,0.0040185935317645916,0.0005750460792633155,0.23024844894868282,0.03294771336733338
28,panda-3cam_kinect360/000028.rgb.jpg,panda-3cam_realsense/000028.rgb.jpg,panda-3cam_azure/000028.rgb.jpg,panda-3cam_kinect360/000028.json,panda-3cam_realsense/000028.json,panda-3cam_azure/000028.json,0.004009779421920823,0.0005742614301363176,0.22974343765447017,0.03290275628395778
29,panda-3cam_kinect360/000029.rgb.jpg,panda-3cam_realsense/000029.rgb.jpg,panda-3cam_azure/000029.rgb.jpg,panda-3cam_kinect360/000029.json,panda-3cam_realsense/000029.json,panda-3cam_azure/000029.json,0.004020025346453626,0.000574155969151678,0.23033048588740934,0.03289671381463464
30,panda-3cam_kinect360/000030.rgb.jpg,panda-3cam_realsense/000030.rgb.jpg,panda-3cam_azure/000030.rgb.jpg,panda-3cam_kinect360/000030.json,panda-3cam_realsense/000030.json,panda-3cam_azure/000030.json,0.004021047619045648,0.0005745610299803481,0.2303890577924441,0.032919922090563505
31,panda-3cam_kinect360/000031.rgb.jpg,panda-3cam_realsense/000031.rgb.jpg,panda-3cam_azure/000031.rgb.jpg,panda-3cam_kinect360/000031.json,panda-3cam_realsense/000031.json,panda-3cam_azure/000031.json,0.00401969756776277,0.0005740342421469384,0.23031170555180897,0.03288973937101029
32,panda-3cam_kinect360/000032.rgb.jpg,panda-3cam_realsense/000032.rgb.jpg,panda-3cam_azure/000032.rgb.jpg,panda-3cam_kinect360/000032.json,panda-3cam_realsense/000032.json,panda-3cam_azure/000032.json,0.0040199060469076064,0.000575509935793501,0.23032365052692458,0.032974290388812603
33,panda-3cam_kinect360/000033.rgb.jpg,panda-3cam_realsense/000033.rgb.jpg,panda-3cam_azure/000033.rgb.jpg,panda-3cam_kinect360/000033.json,panda-3cam_realsense/000033.json,panda-3cam_azure/000033.json,0.004017626144168007,0.0005742875746167154,0.23019302172224523,0.032904254252342134
34,panda-3cam_kinect360/000034.rgb.jpg,panda-3cam_realsense/000034.rgb.jpg,panda-3cam_azure/000034.rgb.jpg,panda-3cam_kinect360/000034.json,panda-3cam_realsense/000034.json,panda-3cam_azure/000034.json,0.004016116438259387,0.000574877854998225,0.23010652194537534,0.032938074826932014
35,panda-3cam_kinect360/000035.rgb.jpg,panda-3cam_realsense/000035.rgb.jpg,panda-3cam_azure/000035.rgb.jpg,panda-3cam_kinect360/000035.json,panda-3cam_realsense/000035.json,panda-3cam_azure/000035.json,0.004018262346668577,0.0005738090698599695,0.2302294734404436,0.03287683794930366
36,panda-3cam_kinect360/000036.rgb.jpg,panda-3cam_realsense/000036.rgb.jpg,panda-3cam_azure/000036.rgb.jpg,panda-3cam_kinect360/000036.json,panda-3cam_realsense/000036.json,panda-3cam_azure/000036.json,0.004019224437692981,0.0005752215721555208,0.2302845971956493,0.032957768369391294
37,panda-3cam_kinect360/000037.rgb.jpg,panda-3cam_realsense/000037.rgb.jpg,panda-3cam_azure/000037.rgb.jpg,panda-3cam_kinect360/000037.json,panda-3cam_realsense/000037.json,panda-3cam_azure/000037.json,0.004014742657732828,0.0005721706446298113,0.23002781011922627,0.032782963098567854
38,panda-3cam_kinect360/000038.rgb.jpg,panda-3cam_realsense/000038.rgb.jpg,panda-3cam_azure/000038.rgb.jpg,panda-3cam_kinect360/000038.json,panda-3cam_realsense/000038.json,panda-3cam_azure/000038.json,0.004020561027411551,0.0005732229267646553,0.23036117814546397,0.032843254423751425
39,panda-3cam_kinect360/000039.rgb.jpg,panda-3cam_realsense/000039.rgb.jpg,panda-3cam_azure/000039.rgb.jpg,panda-3cam_kinect360/000039.json,panda-3cam_realsense/000039.json,panda-3cam_azure/000039.json,0.004017466778459711,0.0005765486299825329,0.23018389073976073,0.03303380318204889
40,panda-3cam_kinect360/000040.rgb.jpg,panda-3cam_realsense/000040.rgb.jpg,panda-3cam_azure/000040.rgb.jpg,panda-3cam_kinect360/000040.json,panda-3cam_realsense/000040.json,panda-3cam_azure/000040.json,0.004022767506031033,0.0005731896556373996,0.23048760005794613,0.032841348128580035
41,panda-3cam_kinect360/000041.rgb.jpg,panda-3cam_realsense/000041.rgb.jpg,panda-3cam_azure/000041.rgb.jpg,panda-3cam_kinect360/000041.json,panda-3cam_realsense/000041.json,panda-3cam_azure/000041.json,0.004017242038071855,0.0005729648308130948,0.2301710140640505,0.03282846661501759
42,panda-3cam_kinect360/000042.rgb.jpg,panda-3cam_realsense/000042.rgb.jpg,panda-3cam_azure/000042.rgb.jpg,panda-3cam_kinect360/000042.json,panda-3cam_realsense/000042.json,panda-3cam_azure/000042.json,0.004009905227093324,0.0005765038783985077,0.22975064575989543,0.03303123910515772
43,panda-3cam_kinect360/000043.rgb.jpg,panda-3cam_realsense/000043.rgb.jpg,panda-3cam_azure/000043.rgb.jpg,panda-3cam_kinect360/000043.json,panda-3cam_realsense/000043.json,panda-3cam_azure/000043.json,0.004017193506622885,0.0005747975606719757,0.23016823341685083,0.03293347430091908
44,panda-3cam_kinect360/000044.rgb.jpg,panda-3cam_realsense/000044.rgb.jpg,panda-3cam_azure/000044.rgb.jpg,panda-3cam_kinect360/000044.json,panda-3cam_realsense/000044.json,panda-3cam_azure/000044.json,0.004014440252280482,0.0005746467553171257,0.23001048356310508,0.0329248337905582
45,panda-3cam_kinect360/000045.rgb.jpg,panda-3cam_realsense/000045.rgb.jpg,panda-3cam_azure/000045.rgb.jpg,panda-3cam_kinect360/000045.json,panda-3cam_realsense/000045.json,panda-3cam_azure/000045.json,0.00402335748568361,0.0005766924709386354,0.23052140340203736,0.03304204466175469
46,panda-3cam_kinect360/000046.rgb.jpg,panda-3cam_realsense/000046.rgb.jpg,panda-3cam_azure/000046.rgb.jpg,panda-3cam_kinect360/000046.json,panda-3cam_realsense/000046.json,panda-3cam_azure/000046.json,0.004019304057829465,0.0005739785865810415,0.2302891590934341,0.032886550541977984
47,panda-3cam_kinect360/000047.rgb.jpg,panda-3cam_realsense/000047.rgb.jpg,panda-3cam_azure/000047.rgb.jpg,panda-3cam_kinect360/000047.json,panda-3cam_realsense/000047.json,panda-3cam_azure/000047.json,0.004010770254673668,0.0005732664068574404,0.22980020818941152,0.03284574564956085
48,panda-3cam_kinect360/000048.rgb.jpg,panda-3cam_realsense/000048.rgb.jpg,panda-3cam_azure/000048.rgb.jpg,panda-3cam_kinect360/000048.json,panda-3cam_realsense/000048.json,panda-3cam_azure/000048.json,0.004019419175628758,0.0005754355699426234,0.2302957548574804,0.03297002953941741
49,panda-3cam_kinect360/000049.rgb.jpg,panda-3cam_realsense/000049.rgb.jpg,panda-3cam_azure/000049.rgb.jpg,panda-3cam_kinect360/000049.json,panda-3cam_realsense/000049.json,panda-3cam_azure/000049.json,0.00401979472726266,0.0005745807194429465,0.23031727238109226,0.032921050213671275
50,panda-3cam_kinect360/000050.rgb.jpg,panda-3cam_realsense/000050.rgb.jpg,panda-3cam_azure/000050.rgb.jpg,panda-3cam_kinect360/000050.json,panda-3cam_realsense/000050.json,panda-3cam_azure/000050.json,0.00402269683019163,0.0005746455714277715,0.2304835506306348,0.03292476595869479
51,panda-3cam_kinect360/000051.rgb.jpg,panda-3cam_realsense/000051.rgb.jpg,panda-3cam_azure/000051.rgb.jpg,panda-3cam_kinect360/000051.json,panda-3cam_realsense/000051.json,panda-3cam_azure/000051.json,0.004021453883987891,0.0005753400881422388,0.23041233505899875,0.03296455883523506
52,panda-3cam_kinect360/000052.rgb.jpg,panda-3cam_realsense/000052.rgb.jpg,panda-3cam_azure/000052.rgb.jpg,panda-3cam_kinect360/000052.json,panda-3cam_realsense/000052.json,panda-3cam_azure/000052.json,0.004018550293051093,0.000573481012417872,0.23024597155288778,0.03285804164243362
53,panda-3cam_kinect360/000053.rgb.jpg,panda-3cam_realsense/000053.rgb.jpg,panda-3cam_azure/000053.rgb.jpg,panda-3cam_kinect360/000053.json,panda-3cam_realsense/000053.json,panda-3cam_azure/000053.json,0.004019933538377263,0.0005744296039770528,0.2303252256721085,0.03291239193525642
54,panda-3cam_kinect360/000054.rgb.jpg,panda-3cam_realsense/000054.rgb.jpg,panda-3cam_azure/000054.rgb.jpg,panda-3cam_kinect360/000054.json,panda-3cam_realsense/000054.json,panda-3cam_azure/000054.json,0.004011811014916433,0.0005741063752866673,0.22985983935880697,0.032893872295479784
55,panda-3cam_kinect360/000055.rgb.jpg,panda-3cam_realsense/000055.rgb.jpg,panda-3cam_azure/000055.rgb.jpg,panda-3cam_kinect360/000055.json,panda-3cam_realsense/000055.json,panda-3cam_azure/000055.json,0.004011811014916433,0.0005738452361625152,0.22985983935880697,0.032878910125800125
56,panda-3cam_kinect360/000056.rgb.jpg,panda-3cam_realsense/000056.rgb.jpg,panda-3cam_azure/000056.rgb.jpg,panda-3cam_kinect360/000056.json,panda-3cam_realsense/000056.json,panda-3cam_azure/000056.json,0.004015425939412176,0.0005747059286974547,0.2300669592756715,0.03292822417551057
57,panda-3cam_kinect360/000057.rgb.jpg,panda-3cam_realsense/000057.rgb.jpg,panda-3cam_azure/000057.rgb.jpg,panda-3cam_kinect360/000057.json,panda-3cam_realsense/000057.json,panda-3cam_azure/000057.json,0.004015425939412176,0.0005751572567366463,0.2300669592756715,0.032954083367332174
58,panda-3cam_kinect360/000058.rgb.jpg,panda-3cam_realsense/000058.rgb.jpg,panda-3cam_azure/000058.rgb.jpg,panda-3cam_kinect360/000058.json,panda-3cam_realsense/000058.json,panda-3cam_azure/000058.json,0.004011512389953675,0.0005741871777282148,0.2298427294087837,0.03289850193435481
59,panda-3cam_kinect360/000059.rgb.jpg,panda-3cam_realsense/000059.rgb.jpg,panda-3cam_azure/000059.rgb.jpg,panda-3cam_kinect360/000059.json,panda-3cam_realsense/000059.json,panda-3cam_azure/000059.json,0.004014729895344793,0.0005744941101386361,0.23002707888825533,0.03291608786606773
60,panda-3cam_kinect360/000060.rgb.jpg,panda-3cam_realsense/000060.rgb.jpg,panda-3cam_azure/000060.rgb.jpg,panda-3cam_kinect360/000060.json,panda-3cam_realsense/000060.json,panda-3cam_azure/000060.json,0.004009158767230736,0.0005731241863651405,0.2297078767601932,0.03283759701559179
61,panda-3cam_kinect360/000061.rgb.jpg,panda-3cam_realsense/000061.rgb.jpg,panda-3cam_azure/000061.rgb.jpg,panda-3cam_kinect360/000061.json,panda-3cam_realsense/000061.json,panda-3cam_azure/000061.json,0.004016531794393763,0.0005745577590948086,0.23013032009886994,0.03291973468262682
62,panda-3cam_kinect360/000062.rgb.jpg,panda-3cam_realsense/000062.rgb.jpg,panda-3cam_azure/000062.rgb.jpg,panda-3cam_kinect360/000062.json,panda-3cam_realsense/000062.json,panda-3cam_azure/000062.json,0.004014715048763495,0.0005743597470564717,0.23002622824180677,0.032908389428537334
63,panda-3cam_kinect360/000063.rgb.jpg,panda-3cam_realsense/000063.rgb.jpg,panda-3cam_azure/000063.rgb.jpg,panda-3cam_kinect360/000063.json,panda-3cam_realsense/000063.json,panda-3cam_azure/000063.json,0.00401543743208721,0.0005732057326223429,0.23006761775744625,0.032842269271964576
64,panda-3cam_kinect360/000064.rgb.jpg,panda-3cam_realsense/000064.rgb.jpg,panda-3cam_azure/000064.rgb.jpg,panda-3cam_kinect360/000064.json,panda-3cam_realsense/000064.json,panda-3cam_azure/000064.json,0.0040142662174549315,0.0005742996821925812,0.23000051210211273,0.03290494796533938
65,panda-3cam_kinect360/000065.rgb.jpg,panda-3cam_realsense/000065.rgb.jpg,panda-3cam_azure/000065.rgb.jpg,panda-3cam_kinect360/000065.json,panda-3cam_realsense/000065.json,panda-3cam_azure/000065.json,0.004012313884506291,0.0005761394796776058,0.2298886516639513,0.03301036059639008
66,panda-3cam_kinect360/000066.rgb.jpg,panda-3cam_realsense/000066.rgb.jpg,panda-3cam_azure/000066.rgb.jpg,panda-3cam_kinect360/000066.json,panda-3cam_realsense/000066.json,panda-3cam_azure/000066.json,0.004016953931888612,0.0005755525424669348,0.230154506795699,0.032976731571379446
67,panda-3cam_kinect360/000067.rgb.jpg,panda-3cam_realsense/000067.rgb.jpg,panda-3cam_azure/000067.rgb.jpg,panda-3cam_kinect360/000067.json,panda-3cam_realsense/000067.json,panda-3cam_azure/000067.json,0.00401860312221014,0.000574043541306632,0.23024899844073643,0.032890272173613753
68,panda-3cam_kinect360/000068.rgb.jpg,panda-3cam_realsense/000068.rgb.jpg,panda-3cam_azure/000068.rgb.jpg,panda-3cam_kinect360/000068.json,panda-3cam_realsense/000068.json,panda-3cam_azure/000068.json,0.004016849948243362,0.0005754845807779599,0.2301485489716878,0.032972837653432605
69,panda-3cam_kinect360/000069.rgb.jpg,panda-3cam_realsense/000069.rgb.jpg,panda-3cam_azure/000069.rgb.jpg,panda-3cam_kinect360/000069.json,panda-3cam_realsense/000069.json,panda-3cam_azure/000069.json,0.0040139637948128915,0.000572826681984593,0.22998318456109465,0.03282055127019976
70,panda-3cam_kinect360/000070.rgb.jpg,panda-3cam_realsense/000070.rgb.jpg,panda-3cam_azure/000070.rgb.jpg,panda-3cam_kinect360/000070.json,panda-3cam_realsense/000070.json,panda-3cam_azure/000070.json,0.004017142145200436,0.0005746068263979845,0.23016529062411473,0.03292254603201089
71,panda-3cam_kinect360/000071.rgb.jpg,panda-3cam_realsense/000071.rgb.jpg,panda-3cam_azure/000071.rgb.jpg,panda-3cam_kinect360/000071.json,panda-3cam_realsense/000071.json,panda-3cam_azure/000071.json,0.004016533510246223,0.0005761838445222104,0.23013041840997417,0.033012902514744674
72,panda-3cam_kinect360/000072.rgb.jpg,panda-3cam_realsense/000072.rgb.jpg,panda-3cam_azure/000072.rgb.jpg,panda-3cam_kinect360/000072.json,panda-3cam_realsense/000072.json,panda-3cam_azure/000072.json,0.004019893053864854,0.000575538198981841,0.2303229060804118,0.032975909750220064
73,panda-3cam_kinect360/000073.rgb.jpg,panda-3cam_realsense/000073.rgb.jpg,panda-3cam_azure/000073.rgb.jpg,panda-3cam_kinect360/000073.json,panda-3cam_realsense/000073.json,panda-3cam_azure/000073.json,0.004017880230507975,0.0005738887751287128,0.23020757979715734,0.03288140472480761
74,panda-3cam_kinect360/000074.rgb.jpg,panda-3cam_realsense/000074.rgb.jpg,panda-3cam_azure/000074.rgb.jpg,panda-3cam_kinect360/000074.json,panda-3cam_realsense/000074.json,panda-3cam_azure/000074.json,0.004015375158702872,0.0005731505040621609,0.2300640497553477,0.03283910490855756
75,panda-3cam_kinect360/000075.rgb.jpg,panda-3cam_realsense/000075.rgb.jpg,panda-3cam_azure/000075.rgb.jpg,panda-3cam_kinect360/000075.json,panda-3cam_realsense/000075.json,panda-3cam_azure/000075.json,0.0040171867060367905,0.0005746783239257927,0.23016784377196942,0.03292664253859992
76,panda-3cam_kinect360/000076.rgb.jpg,panda-3cam_realsense/000076.rgb.jpg,panda-3cam_azure/000076.rgb.jpg,panda-3cam_kinect360/000076.json,panda-3cam_realsense/000076.json,panda-3cam_azure/000076.json,0.004014347442529931,0.0005734081468756586,0.23000516595610082,0.03285386675439286
77,panda-3cam_kinect360/000077.rgb.jpg,panda-3cam_realsense/000077.rgb.jpg,panda-3cam_azure/000077.rgb.jpg,panda-3cam_kinect360/000077.json,panda-3cam_realsense/000077.json,panda-3cam_azure/000077.json,0.004016846430054732,0.0005728888495838336,0.2301483473943278,0.032824113211258714
78,panda-3cam_kinect360/000078.rgb.jpg,panda-3cam_realsense/000078.rgb.jpg,panda-3cam_azure/000078.rgb.jpg,panda-3cam_kinect360/000078.json,panda-3cam_realsense/000078.json,panda-3cam_azure/000078.json,0.004018369253277254,0.0005751792141583131,0.23023559873792282,0.032955341434922666
79,panda-3cam_kinect360/000079.rgb.jpg,panda-3cam_realsense/000079.rgb.jpg,panda-3cam_azure/000079.rgb.jpg,panda-3cam_kinect360/000079.json,panda-3cam_realsense/000079.json,panda-3cam_azure/000079.json,0.004013289443835721,0.0005735760409373312,0.22994454709619228,0.03286348637553201
80,panda-3cam_kinect360/000080.rgb.jpg,panda-3cam_realsense/000080.rgb.jpg,panda-3cam_azure/000080.rgb.jpg,panda-3cam_kinect360/000080.json,panda-3cam_realsense/000080.json,panda-3cam_azure/000080.json,0.004016120942844648,0.0005743123059113159,0.23010678003909923,0.032905671251144644
81,panda-3cam_kinect360/000081.rgb.jpg,panda-3cam_realsense/000081.rgb.jpg,panda-3cam_azure/000081.rgb.jpg,panda-3cam_kinect360/000081.json,panda-3cam_realsense/000081.json,panda-3cam_azure/000081.json,0.0040210668187334875,0.000575432046786018,0.23039015785352526,0.032969827677413355
82,panda-3cam_kinect360/000082.rgb.jpg,panda-3cam_realsense/000082.rgb.jpg,panda-3cam_azure/000082.rgb.jpg,panda-3cam_kinect360/000082.json,panda-3cam_realsense/000082.json,panda-3cam_azure/000082.json,0.004014274439461674,0.0005736711941000972,0.23000098318839818,0.032868938250165826
83,panda-3cam_kinect360/000083.rgb.jpg,panda-3cam_realsense/000083.rgb.jpg,panda-3cam_azure/000083.rgb.jpg,panda-3cam_kinect360/000083.json,panda-3cam_realsense/000083.json,panda-3cam_azure/000083.json,0.004020667061257921,0.0005746973703457256,0.2303672534373465,0.03292773381807691
84,panda-3cam_kinect360/000084.rgb.jpg,panda-3cam_realsense/000084.rgb.jpg,panda-3cam_azure/000084.rgb.jpg,panda-3cam_kinect360/000084.json,panda-3cam_realsense/000084.json,panda-3cam_azure/000084.json,0.0040171781110467375,0.0005751305097432421,0.2301673513153144,0.03295255087749544
85,panda-3cam_kinect360/000085.rgb.jpg,panda-3cam_realsense/000085.rgb.jpg,panda-3cam_azure/000085.rgb.jpg,panda-3cam_kinect360/000085.json,panda-3cam_realsense/000085.json,panda-3cam_azure/000085.json,0.004015857517555288,0.0005733459512433142,0.2300916868818019,0.03285030320715538
86,panda-3cam_kinect360/000086.rgb.jpg,panda-3cam_realsense/000086.rgb.jpg,panda-3cam_azure/000086.rgb.jpg,panda-3cam_kinect360/000086.json,panda-3cam_realsense/000086.json,panda-3cam_azure/000086.json,0.004015404176989756,0.000574179446175434,0.23006571238071488,0.032898058949011384
87,panda-3cam_kinect360/000087.rgb.jpg,panda-3cam_realsense/000087.rgb.jpg,panda-3cam_azure/000087.rgb.jpg,panda-3cam_kinect360/000087.json,panda-3cam_realsense/000087.json,panda-3cam_azure/000087.json,0.004015027159267492,0.0005740960322230758,0.2300441108564275,0.032893279681588755
88,panda-3cam_kinect360/000088.rgb.jpg,panda-3cam_realsense/000088.rgb.jpg,panda-3cam_azure/000088.rgb.jpg,panda-3cam_kinect360/000088.json,panda-3cam_realsense/000088.json,panda-3cam_azure/000088.json,0.004017181345295273,0.0005745290666856473,0.23016753662410538,0.03291809072867782
89,panda-3cam_kinect360/000089.rgb.jpg,panda-3cam_realsense/000089.rgb.jpg,panda-3cam_azure/000089.rgb.jpg,panda-3cam_kinect360/000089.json,panda-3cam_realsense/000089.json,panda-3cam_azure/000089.json,0.004019330427105339,0.0005748450338427792,0.23029066994165048,0.03293619431324622
90,panda-3cam_kinect360/000090.rgb.jpg,panda-3cam_realsense/000090.rgb.jpg,panda-3cam_azure/000090.rgb.jpg,panda-3cam_kinect360/000090.json,panda-3cam_realsense/000090.json,panda-3cam_azure/000090.json,0.004015430452467883,0.0005730173294478954,0.2300672178547162,0.03283147456522187
91,panda-3cam_kinect360/000091.rgb.jpg,panda-3cam_realsense/000091.rgb.jpg,panda-3cam_azure/000091.rgb.jpg,panda-3cam_kinect360/000091.json,panda-3cam_realsense/000091.json,panda-3cam_azure/000091.json,0.004021584681609625,0.0005742959358130931,0.23041982921069443,0.032904733313606264
92,panda-3cam_kinect360/000092.rgb.jpg,panda-3cam_realsense/000092.rgb.jpg,panda-3cam_azure/000092.rgb.jpg,panda-3cam_kinect360/000092.json,panda-3cam_realsense/000092.json,panda-3cam_azure/000092.json,0.004013617588955354,0.0005736015876646766,0.22996334842661503,0.03286495009518927
93,panda-3cam_kinect360/000093.rgb.jpg,panda-3cam_realsense/000093.rgb.jpg,panda-3cam_azure/000093.rgb.jpg,panda-3cam_kinect360/000093.json,panda-3cam_realsense/000093.json,panda-3cam_azure/000093.json,0.004014063653787203,0.0005744439933099074,0.2299889060588692,0.03291321638329899
94,panda-3cam_kinect360/000094.rgb.jpg,panda-3cam_realsense/000094.rgb.jpg,panda-3cam_azure/000094.rgb.jpg,panda-3cam_kinect360/000094.json,panda-3cam_realsense/000094.json,panda-3cam_azure/000094.json,0.004020980820958475,0.0005756588326662281,0.23038523054396953,0.03298282155120256
95,panda-3cam_kinect360/000095.rgb.jpg,panda-3cam_realsense/000095.rgb.jpg,panda-3cam_azure/000095.rgb.jpg,panda-3cam_kinect360/000095.json,panda-3cam_realsense/000095.json,panda-3cam_azure/000095.json,0.004013982164928986,0.0005733849903621751,0.22998423709121604,0.032852539983902015
96,panda-3cam_kinect360/000096.rgb.jpg,panda-3cam_realsense/000096.rgb.jpg,panda-3cam_azure/000096.rgb.jpg,panda-3cam_kinect360/000096.json,panda-3cam_realsense/000096.json,panda-3cam_azure/000096.json,0.004014667205787803,0.0005752334559400268,0.23002348704122025,0.03295844926008813
97,panda-3cam_kinect360/000097.rgb.jpg,panda-3cam_realsense/000097.rgb.jpg,panda-3cam_azure/000097.rgb.jpg,panda-3cam_kinect360/000097.json,panda-3cam_realsense/000097.json,panda-3cam_azure/000097.json,0.0040190669499023945,0.0005753251436775694,0.2302755738099239,0.03296370258048243
98,panda-3cam_kinect360/000098.rgb.jpg,panda-3cam_realsense/000098.rgb.jpg,panda-3cam_azure/000098.rgb.jpg,panda-3cam_kinect360/000098.json,panda-3cam_realsense/000098.json,panda-3cam_azure/000098.json,0.004020389862026907,0.0005753446428799832,0.23035137109132514,0.032964819802484606
99,panda-3cam_kinect360/000099.rgb.jpg,panda-3cam_realsense/000099.rgb.jpg,panda-3cam_azure/000099.rgb.jpg,panda-3cam_kinect360/000099.json,panda-3cam_realsense/000099.json,panda-3cam_azure/000099.json,0.00401896831162285,0.0005753049406974844,0.23026992225280757,0.03296254503498997
100,panda-3cam_kinect360/000100.rgb.jpg,panda-3cam_realsense/000100.rgb.jpg,panda-3cam_azure/000100.rgb.jpg,panda-3cam_kinect360/000100.json,panda-3cam_realsense/000100.json,panda-3cam_azure/000100.json,0.00401896831162285,0.0005759940412098655,0.23026992225280757,0.03300202758600971
101,panda-3cam_kinect360/000101.rgb.jpg,panda-3cam_realsense/000101.rgb.jpg,panda-3cam_azure/000101.rgb.jpg,panda-3cam_kinect360/000101.json,panda-3cam_realsense/000101.json,panda-3cam_azure/000101.json,0.004019298246713654,0.0005741708043055519,0.2302888261410239,0.03289756380634004
102,panda-3cam_kinect360/000102.rgb.jpg,panda-3cam_realsense/000102.rgb.jpg,panda-3cam_azure/000102.rgb.jpg,panda-3cam_kinect360/000102.json,panda-3cam_realsense/000102.json,panda-3cam_azure/000102.json,0.0040158590249499415,0.000572815477928547,0.2300917732491536,0.0328199093250749
103,panda-3cam_kinect360/000103.rgb.jpg,panda-3cam_realsense/000103.rgb.jpg,panda-3cam_azure/000103.rgb.jpg,panda-3cam_kinect360/000103.json,panda-3cam_realsense/000103.json,panda-3cam_azure/000103.json,0.004012048609878693,0.0005739045347239871,0.22987345254737807,0.03288230768310366
104,panda-3cam_kinect360/000104.rgb.jpg,panda-3cam_realsense/000104.rgb.jpg,panda-3cam_azure/000104.rgb.jpg,panda-3cam_kinect360/000104.json,panda-3cam_realsense/000104.json,panda-3cam_azure/000104.json,0.004015858971401998,0.0005756513883105908,0.23009177018108243,0.032982395021043345
105,panda-3cam_kinect360/000105.rgb.jpg,panda-3cam_realsense/000105.rgb.jpg,panda-3cam_azure/000105.rgb.jpg,panda-3cam_kinect360/000105.json,panda-3cam_realsense/000105.json,panda-3cam_azure/000105.json,0.00401922020407619,0.0005735922036055449,0.23028435462727515,0.03286441242820633
106,panda-3cam_kinect360/000106.rgb.jpg,panda-3cam_realsense/000106.rgb.jpg,panda-3cam_azure/000106.rgb.jpg,panda-3cam_kinect360/000106.json,panda-3cam_realsense/000106.json,panda-3cam_azure/000106.json,0.004017638093047005,0.0005763570146286972,0.2301937063425817,0.0330228244309842
107,panda-3cam_kinect360/000107.rgb.jpg,panda-3cam_realsense/000107.rgb.jpg,panda-3cam_azure/000107.rgb.jpg,panda-3cam_kinect360/000107.json,panda-3cam_realsense/000107.json,panda-3cam_azure/000107.json,0.004019442297117148,0.0005755542808573539,0.23029707962118126,0.03297683117381361
108,panda-3cam_kinect360/000108.rgb.jpg,panda-3cam_realsense/000108.rgb.jpg,panda-3cam_azure/000108.rgb.jpg,panda-3cam_kinect360/000108.json,panda-3cam_realsense/000108.json,panda-3cam_azure/000108.json,0.0040116148210130875,0.0005739174210944864,0.22984859827617907,0.03288304601774651
109,panda-3cam_kinect360/000109.rgb.jpg,panda-3cam_realsense/000109.rgb.jpg,panda-3cam_azure/000109.rgb.jpg,panda-3cam_kinect360/000109.json,panda-3cam_realsense/000109.json,panda-3cam_azure/000109.json,0.0040101114703449126,0.0005733677100617788,0.22976246262776448,0.032851549895620585
110,panda-3cam_kinect360/000110.rgb.jpg,panda-3cam_realsense/000110.rgb.jpg,panda-3cam_azure/000110.rgb.jpg,panda-3cam_kinect360/000110.json,panda-3cam_realsense/000110.json,panda-3cam_azure/000110.json,0.004024556023657699,0.0005753930100901943,0.23059007456953887,0.03296759103949653
111,panda-3cam_kinect360/000111.rgb.jpg,panda-3cam_realsense/000111.rgb.jpg,panda-3cam_azure/000111.rgb.jpg,panda-3cam_kinect360/000111.json,panda-3cam_realsense/000111.json,panda-3cam_azure/000111.json,0.0040185443428256695,0.0005741851560278265,0.23024563063008385,0.03289838609945511
112,panda-3cam_kinect360/000112.rgb.jpg,panda-3cam_realsense/000112.rgb.jpg,panda-3cam_azure/000112.rgb.jpg,panda-3cam_kinect360/000112.json,panda-3cam_realsense/000112.json,panda-3cam_azure/000112.json,0.004018557424777858,0.0005738733348677362,0.23024638017073204,0.03288052006301907
113,panda-3cam_kinect360/000113.rgb.jpg,panda-3cam_realsense/000113.rgb.jpg,panda-3cam_azure/000113.rgb.jpg,panda-3cam_kinect360/000113.json,panda-3cam_realsense/000113.json,panda-3cam_azure/000113.json,0.004022369103010681,0.0005757336560733361,0.23046477324633471,0.03298710861663864
114,panda-3cam_kinect360/000114.rgb.jpg,panda-3cam_realsense/000114.rgb.jpg,panda-3cam_azure/000114.rgb.jpg,panda-3cam_kinect360/000114.json,panda-3cam_realsense/000114.json,panda-3cam_azure/000114.json,0.004014444505507253,0.0005730706381851525,0.23001072725504837,0.03283452893087787
115,panda-3cam_kinect360/000115.rgb.jpg,panda-3cam_realsense/000115.rgb.jpg,panda-3cam_azure/000115.rgb.jpg,panda-3cam_kinect360/000115.json,panda-3cam_realsense/000115.json,panda-3cam_azure/000115.json,0.004013335933113149,0.0005743539564640673,0.2299472107355815,0.03290805765203168
116,panda-3cam_kinect360/000116.rgb.jpg,panda-3cam_realsense/000116.rgb.jpg,panda-3cam_azure/000116.rgb.jpg,panda-3cam_kinect360/000116.json,panda-3cam_realsense/000116.json,panda-3cam_azure/000116.json,0.004011603464092239,0.0005752213825302949,0.2298479475725462,0.03295775750466616
117,panda-3cam_kinect360/000117.rgb.jpg,panda-3cam_realsense/000117.rgb.jpg,panda-3cam_azure/000117.rgb.jpg,panda-3cam_kinect360/000117.json,panda-3cam_realsense/000117.json,panda-3cam_azure/000117.json,0.004013627306646561,0.0005733035546010452,0.22996390520930782,0.03284787405848784
118,panda-3cam_kinect360/000118.rgb.jpg,panda-3cam_realsense/000118.rgb.jpg,panda-3cam_azure/000118.rgb.jpg,panda-3cam_kinect360/000118.json,panda-3cam_realsense/000118.json,panda-3cam_azure/000118.json,0.004018284485033163,0.0005748750143322944,0.23023074187529968,0.03293791206876318
119,panda-3cam_kinect360/000119.rgb.jpg,panda-3cam_realsense/000119.rgb.jpg,panda-3cam_azure/000119.rgb.jpg,panda-3cam_kinect360/000119.json,panda-3cam_realsense/000119.json,panda-3cam_azure/000119.json,0.004016010135208692,0.0005748166285974521,0.23010043122922114,0.032934566812572945
120,panda-3cam_kinect360/000120.rgb.jpg,panda-3cam_realsense/000120.rgb.jpg,panda-3cam_azure/000120.rgb.jpg,panda-3cam_kinect360/000120.json,panda-3cam_realsense/000120.json,panda-3cam_azure/000120.json,0.00401861925460667,0.0005761360908031794,0.230249922758971,0.033010166428188145
121,panda-3cam_kinect360/000121.rgb.jpg,panda-3cam_realsense/000121.rgb.jpg,panda-3cam_azure/000121.rgb.jpg,panda-3cam_kinect360/000121.json,panda-3cam_realsense/000121.json,panda-3cam_azure/000121.json,0.0040210928578467975,0.0005740923926838681,0.23039164978482018,0.03289307115135278
122,panda-3cam_kinect360/000122.rgb.jpg,panda-3cam_realsense/000122.rgb.jpg,panda-3cam_azure/000122.rgb.jpg,panda-3cam_kinect360/000122.json,panda-3cam_realsense/000122.json,panda-3cam_azure/000122.json,0.0040151750968825395,0.000573418456082866,0.23005258705740095,0.032854457428455976
123,panda-3cam_kinect360/000123.rgb.jpg,panda-3cam_realsense/000123.rgb.jpg,panda-3cam_azure/000123.rgb.jpg,panda-3cam_kinect360/000123.json,panda-3cam_realsense/000123.json,panda-3cam_azure/000123.json,0.004021469842372727,0.000574757066455147,0.23041324940709768,0.0329311541532001
124,panda-3cam_kinect360/000124.rgb.jpg,panda-3cam_realsense/000124.rgb.jpg,panda-3cam_azure/000124.rgb.jpg,panda-3cam_kinect360/000124.json,panda-3cam_realsense/000124.json,panda-3cam_azure/000124.json,0.004014761860098637,0.0005740590489987847,0.23002891033374376,0.03289116069892409
125,panda-3cam_kinect360/000125.rgb.jpg,panda-3cam_realsense/000125.rgb.jpg,panda-3cam_azure/000125.rgb.jpg,panda-3cam_kinect360/000125.json,panda-3cam_realsense/000125.json,panda-3cam_azure/000125.json,0.004018243721854109,0.0005747181925269737,0.2302284063171803,0.03292892684118268
126,panda-3cam_kinect360/000126.rgb.jpg,panda-3cam_realsense/000126.rgb.jpg,panda-3cam_azure/000126.rgb.jpg,panda-3cam_kinect360/000126.json,panda-3cam_realsense/000126.json,panda-3cam_azure/000126.json,0.004024558782732002,0.0005746116335990701,0.23059023265285175,0.032922821464344366
127,panda-3cam_kinect360/000127.rgb.jpg,panda-3cam_realsense/000127.rgb.jpg,panda-3cam_azure/000127.rgb.jpg,panda-3cam_kinect360/000127.json,panda-3cam_realsense/000127.json,panda-3cam_azure/000127.json,0.004022645468906849,0.0005747031839346576,0.23048060784578647,0.03292806691218654
128,panda-3cam_kinect360/000128.rgb.jpg,panda-3cam_realsense/000128.rgb.jpg,panda-3cam_azure/000128.rgb.jpg,panda-3cam_kinect360/000128.json,panda-3cam_realsense/000128.json,panda-3cam_azure/000128.json,0.0040140852997867515,0.0005756314088438209,0.22999014628328668,0.03298125028192051
129,panda-3cam_kinect360/000129.rgb.jpg,panda-3cam_realsense/000129.rgb.jpg,panda-3cam_azure/000129.rgb.jpg,panda-3cam_kinect360/000129.json,panda-3cam_realsense/000129.json,panda-3cam_azure/000129.json,0.004019735551361592,0.0005753927935761271,0.23031388185171217,0.03296757863415427
130,panda-3cam_kinect360/000130.rgb.jpg,panda-3cam_realsense/000130.rgb.jpg,panda-3cam_azure/000130.rgb.jpg,panda-3cam_kinect360/000130.json,panda-3cam_realsense/000130.json,panda-3cam_azure/000130.json,0.0040182522869688375,0.0005741959608258061,0.2302288970621053,0.03289900516877784
131,panda-3cam_kinect360/000131.rgb.jpg,panda-3cam_realsense/000131.rgb.jpg,panda-3cam_azure/000131.rgb.jpg,panda-3cam_kinect360/000131.json,panda-3cam_realsense/000131.json,panda-3cam_azure/000131.json,0.004022379632754092,0.0005762393884363474,0.23046537655619148,0.03301608494660236
132,panda-3cam_kinect360/000132.rgb.jpg,panda-3cam_realsense/000132.rgb.jpg,panda-3cam_azure/000132.rgb.jpg,panda-3cam_kinect360/000132.json,panda-3cam_realsense/000132.json,panda-3cam_azure/000132.json,0.004012268520793727,0.0005742366057819439,0.22988605251467834,0.03290133395322303
133,panda-3cam_kinect360/000133.rgb.jpg,panda-3cam_realsense/000133.rgb.jpg,panda-3cam_azure/000133.rgb.jpg,panda-3cam_kinect360/000133.json,panda-3cam_realsense/000133.json,panda-3cam_azure/000133.json,0.004015750449173239,0.0005743076509361315,0.23008555231539118,0.03290540454071284
134,panda-3cam_kinect360/000134.rgb.jpg,panda-3cam_realsense/000134.rgb.jpg,panda-3cam_azure/000134.rgb.jpg,panda-3cam_kinect360/000134.json,panda-3cam_realsense/000134.json,panda-3cam_azure/000134.json,0.004018452914369752,0.0005739795158651954,0.2302403921654324,0.03288660378603797
135,panda-3cam_kinect360/000135.rgb.jpg,panda-3cam_realsense/000135.rgb.jpg,panda-3cam_azure/000135.rgb.jpg,panda-3cam_kinect360/000135.json,panda-3cam_realsense/000135.json,panda-3cam_azure/000135.json,0.004014811764449289,0.0005746019394207805,0.23003176964241545,0.03292226602884253
136,panda-3cam_kinect360/000136.rgb.jpg,panda-3cam_realsense/000136.rgb.jpg,panda-3cam_azure/000136.rgb.jpg,panda-3cam_kinect360/000136.json,panda-3cam_realsense/000136.json,panda-3cam_azure/000136.json,0.004012995158342858,0.0005735310632193485,0.22992768577947928,0.03286090934211947
137,panda-3cam_kinect360/000137.rgb.jpg,panda-3cam_realsense/000137.rgb.jpg,panda-3cam_azure/000137.rgb.jpg,panda-3cam_kinect360/000137.json,panda-3cam_realsense/000137.json,panda-3cam_azure/000137.json,0.004015308793782202,0.0005746395740673441,0.23006024732548558,0.03292442233525408
138,panda-3cam_kinect360/000138.rgb.jpg,panda-3cam_realsense/000138.rgb.jpg,panda-3cam_azure/000138.rgb.jpg,panda-3cam_kinect360/000138.json,panda-3cam_realsense/000138.json,panda-3cam_azure/000138.json,0.004017878725766089,0.0005745103771531138,0.23020749358179796,0.03291701989734258
139,panda-3cam_kinect360/000139.rgb.jpg,panda-3cam_realsense/000139.rgb.jpg,panda-3cam_azure/000139.rgb.jpg,panda-3cam_kinect360/000139.json,panda-3cam_realsense/000139.json,panda-3cam_azure/000139.json,0.004016180867622343,0.0005738741695954653,0.23011021347594943,0.03288056788939499
140,panda-3cam_kinect360/000140.rgb.jpg,panda-3cam_realsense/000140.rgb.jpg,panda-3cam_azure/000140.rgb.jpg,panda-3cam_kinect360/000140.json,panda-3cam_realsense/000140.json,panda-3cam_azure/000140.json,0.004016134791802406,0.0005738315457694979,0.23010757352592942,0.032878125724060354
141,panda-3cam_kinect360/000141.rgb.jpg,panda-3cam_realsense/000141.rgb.jpg,panda-3cam_azure/000141.rgb.jpg,panda-3cam_kinect360/000141.json,panda-3cam_realsense/000141.json,panda-3cam_azure/000141.json,0.004017906397040694,0.0005755623884610973,0.23020907902904658,0.032977295705290066
